{
  "name": "Zoho Bigin",
  "description": "Zoho Bigin",
  "triggers": [],
  "actions": [
    "/v1/get_modules",
    "/v1/get_organization_details",
    "/v1/get_roles_data",
    "/v1/add_user",
    "/v1/update_user",
    "/v1/delete_user",
    "/v1/get_module_metadata",
    "/v1/get_users_data",
    "/v1/get_fields_metadata",
    "/v1/get_layouts_metadata",
    "/v1/get_related_lists_metadata",
    "/v1/get_custom_views_metadata",
    "/v1/get_records",
    "/v1/insert_records",
    "/v1/update_records",
    "/v1/delete_records",
    "/v1/search_records",
    "/v1/get_related_records_data",
    "/v1/update_related_records",
    "/v1/delink_related_records",
    "/v1/enable_notifications",
    "/v1/get_notification_details",
    "/v1/update_notification_details",
    "/v1/delete_notifications",
    "/v1/get_notes_data",
    "/v1/create_notes",
    "/v1/update_notes",
    "/v1/delete_notes",
    "/v1/get_tags",
    "/v1/get_record_count_for_a_tag",
    "/v1/create_tags",
    "/v1/update_tags",
    "/v1/delete_tag",
    "/v1/add_tags_to_records",
    "/v1/remove_tags_from_records",
    "/v1/get_profiles_data"
  ],
  "version": 1,
  "auth_type": "oauth",
  "doc_link": "https://www.zoho.com/bigin/developer/docs/apis/",
  "oauth_provider": "zoho_bigin_oauthv2_e657dee020",
  "oauthStatus": "deployed",
  "appId": "1fb91a58-eb3b-4e11-bfd0-8bb08861cb5c",
  "guid": "93c55083-4978-4789-9ea1-c2626cb524d0"
}
