{
  "type": "oauth2",
  "title": "Zoho_Bigin_OAuthV2",
  "clientId": "1000.7G9NF9BJAPBHOVDUPIMSPESA6FS7ZO",
  "clientSecret": "e0009d9b0e2a18c1ea9811768a8d66ee7ef25cb999",
  "authURL": "https://accounts.zoho.in/oauth/v2/auth",
  "tokenURL": "https://accounts.zoho.in/oauth/v2/token",
  "preAuthProcessing": {
    
  },
  "authQueryParams": {
      "response_type": "code",
      "access_type": "offline"
  },

  "preTokenProcessing": {
    
  },
  "tokenParams": {
    "method": "",
    "headers": {},
    "data": {
      "client_id": "{client_id}",
      "client_secret": "{client_secret}",
      "redirect_uri": "{redirect_uri}",
      "grant_type": "authorization_code",
      "code": "{code}"
    }
  },
  "preRefreshProcessing": {
    

  },
  "refreshParams": {
    
    "data": {
      "client_id": "{client_id}",
      "client_secret": "{client_secret}",
      "redirect_uri": "{redirect_uri}",
      "grant_type": "refresh_token",
      "refresh_token": "{refresh_token}"
    }
  },
  "requiredParams": [
    
  ],
  "refreshURL": "https://accounts.zoho.in/oauth/v2/token", 
  "scope": {
    "ZohoBigin.users.ALL":"To access User APIs",
    "ZohoBigin.org.ALL":"To access Org APIs",
    "ZohoBigin.settings.ALL":"To access Settings APIs",
    "ZohoBigin.modules.ALL":"To access Modules APIs",
    "ZohoBigin.bulk.ALL":"To access Bulk APIs",
    "ZohoBigin.settings.tags.ALL": "To access Tag APIs",
    "ZohoBigin.notifications.READ":"To access Read Notifications",
    "ZohoBigin.notifications.CREATE":"To access Create Notifications",
    "ZohoBigin.notifications.UPDATE":"To access Update Notifications",
    "ZohoBigin.notifications.DELETE":"To access Delete Notifications"
  },
  "validate": {
    "url": "https://www.zohoapis.in/bigin/v1/org",
    "headers": {
      
      "Authorization": "Zoho-oauthtoken {access_token}"
    },
    "query": { 
    }
  },

  "redirectURL": "https://auth-int.webmethods.io/auth/oauth/zoho_bigin_oauthv2_e657dee020/fl09f3cc603b803384fffe47/return"
}